student_no,name,surname,email
2301148,Can,Kaya,can.kaya148@example.com
2301069,Kübra,Özdemir,kübra.özdemir69@example.com
2301063,Burak,Polat,burak.polat63@example.com
2301133,Kerem,Demir,kerem.demir133@example.com
2301100,Gizem,Demir,gizem.demir100@example.com
2301173,Ali,Yıldırım,ali.yıldırım173@example.com
2301245,Onur,Yıldız,onur.yıldız245@example.com
2301045,Deniz,Yıldız,deniz.yıldız45@example.com
2301014,Laura,Garcia,laura.garcia14@example.com
2301221,Burak,Doğan,burak.doğan221@example.com
2301143,Ömer,Polat,ömer.polat143@example.com
2301034,Zeynep,Doğan,zeynep.doğan34@example.com
2301110,Mehmet,Çetin,mehmet.çetin110@example.com
2301003,John,Rossi,john.rossi3@example.com
2301184,Hüseyin,Çelik,hüseyin.çelik184@example.com
2301197,Ali,Şimşek,ali.şimşek197@example.com
2301230,Seda,Doğan,seda.doğan230@example.com
2301157,Ece,Doğan,ece.doğan157@example.com
2301068,Ahmet,Koç,ahmet.koç68@example.com
2301225,İbrahim,Yıldız,i̇brahim.yıldız225@example.com
2301175,Yusuf,Koç,yusuf.koç175@example.com
2301007,Laura,Dubois,laura.dubois7@example.com
2301137,Ali,Şimşek,ali.şimşek137@example.com
2301134,Ece,Arslan,ece.arslan134@example.com
2301125,Tolga,Özdemir,tolga.özdemir125@example.com
2301054,Selin,Çelik,selin.çelik54@example.com
2301164,Gizem,Özdemir,gizem.özdemir164@example.com
2301038,Mustafa,Yılmaz,mustafa.yılmaz38@example.com
2301189,Hatice,Aslan,hatice.aslan189@example.com
2301097,Hasan,Çelik,hasan.çelik97@example.com
2301016,Maria,Dubois,maria.dubois16@example.com
2301150,Can,Koç,can.koç150@example.com
2301213,Hüseyin,Kılıç,hüseyin.kılıç213@example.com
2301165,Ece,Şahin,ece.şahin165@example.com
2301151,Elif,Öztürk,elif.öztürk151@example.com
2301094,Kerem,Özdemir,kerem.özdemir94@example.com
2301182,Ömer,Kurt,ömer.kurt182@example.com
2301235,Serkan,Aydın,serkan.aydın235@example.com
2301025,Anna,Rossi,anna.rossi25@example.com
2301085,Gizem,Demir,gizem.demir85@example.com
2301142,İbrahim,Şimşek,i̇brahim.şimşek142@example.com
2301093,Deniz,Şahin,deniz.şahin93@example.com
2301242,Zeynep,Doğan,zeynep.doğan242@example.com
2301239,Deniz,Yıldız,deniz.yıldız239@example.com
2301243,Kerem,Öztürk,kerem.öztürk243@example.com
2301083,Melis,Şahin,melis.şahin83@example.com
2301084,Tolga,Polat,tolga.polat84@example.com
2301141,İbrahim,Doğan,i̇brahim.doğan141@example.com
2301126,Fatma,Yıldız,fatma.yıldız126@example.com
2301200,Ali,Öztürk,ali.öztürk200@example.com
2301012,James,Silva,james.silva12@example.com
2301140,Selin,Kılıç,selin.kılıç140@example.com
2301080,Selin,Çelik,selin.çelik80@example.com
2301177,Ali,Koç,ali.koç177@example.com
2301103,İbrahim,Çetin,i̇brahim.çetin103@example.com
2301153,Gizem,Özkan,gizem.özkan153@example.com
2301105,Hatice,Arslan,hatice.arslan105@example.com
2301159,Serkan,Aydın,serkan.aydın159@example.com
2301216,Merve,Şimşek,merve.şimşek216@example.com
2301028,Zeynep,Aslan,zeynep.aslan28@example.com
2301237,Gizem,Koç,gizem.koç237@example.com
2301081,Fatma,Aydın,fatma.aydın81@example.com
2301198,Selin,Yıldız,selin.yıldız198@example.com
2301229,Ece,Çetin,ece.çetin229@example.com
2301031,Gizem,Polat,gizem.polat31@example.com
2301060,Hüseyin,Aydın,hüseyin.aydın60@example.com
2301005,David,Brown,david.brown5@example.com
2301112,Gizem,Demir,gizem.demir112@example.com
2301195,Yusuf,Çelik,yusuf.çelik195@example.com
2301043,İbrahim,Şimşek,i̇brahim.şimşek43@example.com
2301222,Zeynep,Yılmaz,zeynep.yılmaz222@example.com
2301215,Burak,Aslan,burak.aslan215@example.com
2301042,Selin,Polat,selin.polat42@example.com
2301071,Ahmet,Aslan,ahmet.aslan71@example.com
2301070,Ece,Çetin,ece.çetin70@example.com
2301049,Deniz,Yılmaz,deniz.yılmaz49@example.com
2301109,Ayşe,Özkan,ayşe.özkan109@example.com
2301024,David,Garcia,david.garcia24@example.com
2301117,Kerem,Yıldız,kerem.yıldız117@example.com
2301160,Deniz,Özdemir,deniz.özdemir160@example.com
2301138,Onur,Şimşek,onur.şimşek138@example.com
2301206,Deniz,Aydın,deniz.aydın206@example.com
2301147,Fatma,Çelik,fatma.çelik147@example.com
2301062,Emine,Şimşek,emine.şimşek62@example.com
2301248,Melis,Kaya,melis.kaya248@example.com
2301058,Mehmet,Yılmaz,mehmet.yılmaz58@example.com
2301017,Sophia,Garcia,sophia.garcia17@example.com
2301224,Melis,Aslan,melis.aslan224@example.com
2301190,Burak,Öztürk,burak.öztürk190@example.com
2301130,Emine,Yıldırım,emine.yıldırım130@example.com
2301087,Ayşe,Çetin,ayşe.çetin87@example.com
2301217,Tolga,Demir,tolga.demir217@example.com
2301008,John,Brown,john.brown8@example.com
2301219,Ece,Yıldırım,ece.yıldırım219@example.com
2301172,Deniz,Yıldırım,deniz.yıldırım172@example.com
2301156,Kerem,Demir,kerem.demir156@example.com
2301249,Ali,Yıldırım,ali.yıldırım249@example.com
2301037,Selin,Özkan,selin.özkan37@example.com
2301228,Ahmet,Kurt,ahmet.kurt228@example.com
2301154,Buse,Çelik,buse.çelik154@example.com
2301039,Gizem,Şahin,gizem.şahin39@example.com
2301196,Tolga,Polat,tolga.polat196@example.com
2301066,Mustafa,Çetin,mustafa.çetin66@example.com
2301023,Laura,Chen,laura.chen23@example.com
2301113,Onur,Şahin,onur.şahin113@example.com
2301048,Zeynep,Aslan,zeynep.aslan48@example.com
2301202,Yusuf,Polat,yusuf.polat202@example.com
2301201,Emine,Yılmaz,emine.yılmaz201@example.com
2301127,Hüseyin,Kaya,hüseyin.kaya127@example.com
2301135,Hatice,Öztürk,hatice.öztürk135@example.com
2301238,Kübra,Koç,kübra.koç238@example.com
